{
  "base_config": {
    "mppi_controller": "mppi",
    "target_clearance_ft": 100.0,
    "target_speed_fps": 759.5145,
    "terrain_following": true
  },
  "best_params": {
    "action_diff_weight": 0.5912834331761421,
    "action_l2_weight": 1.316124936054984,
    "alive_bonus": 0.9946301011191139,
    "angular_rate_penalty_gain": 0.6442699344590331,
    "centerline_gain": 5.116195381030422,
    "delta_pitch_bound": 0.3548004143241802,
    "delta_roll_bound": 0.4725461887900863,
    "gamma_": 0.10539020510115985,
    "heading_alignment_gain": 5.235116385977499,
    "heading_alignment_scale_rad": 1.4785990633155564,
    "lambda_": 0.028011010860946355,
    "low_altitude_gain": 7.033129845412731,
    "offcenter_penalty_gain": 1.809717212166102,
    "progress_gain": 2.9851644915921765,
    "speed_gain": 0.00828472103123562,
    "target_alt_tune_ft": 373.6237532216005,
    "terrain_crash_penalty": 182.58955694285933,
    "wall_crash_penalty": 146.6088990506764
  },
  "best_trial_number": 65,
  "best_value": 112.13932980762326,
  "evaluation": {
    "max_steps": 1200,
    "mppi_controller": "mppi",
    "robustness_weight": 0.2,
    "seeds": [
      3,
      7,
      42
    ],
    "target_clearance_ft": 100.0,
    "target_speed_kts": 450.0,
    "terrain_following": true,
    "wind_sigma": 0.6
  },
  "storage": "sqlite:////Users/dmrc/git/jsbsim-gym/optuna/mppi_tuning.db",
  "study_name": "mppi_canyon_tuning"
}
