{
  "circle": {
    "center_e_ft": -2800.0,
    "center_n_ft": 0.0,
    "direction": "cw",
    "radius_ft": 2800.0
  },
  "controller": {
    "effective_target_speed_kts": 450.0,
    "gain_source": "/Users/dmrc/git/jsbsim-gym/output/simple_controller/simple_controller_optuna_best.json",
    "gains": {
      "dt": 0.03333333333333333,
      "lookahead_rows": 47.0,
      "nz_altitude_gain": 0.0034980977894353282,
      "nz_altitude_max_bias": 1.3763138089938012,
      "nz_max_cmd": 1000.0,
      "nz_min_cmd": -1000.0,
      "pitch_nz_gain": -0.34054249300335954,
      "pitch_q_damping": 1.8981038253607778,
      "roll_max_rad": 100.0,
      "roll_p_gain": 4.433283185003266,
      "roll_rate_damping": -0.020215299750720214,
      "target_speed_fps": 759.5145,
      "throttle_base": 0.42584375471835306,
      "throttle_max": 1.0,
      "throttle_speed_gain": 0.006791701936145756,
      "track_accel_heading_gain": -0.9644787825008925,
      "track_accel_lateral_gain": -0.09850032355946046,
      "track_accel_lateral_rate_gain": -0.01948905209200466,
      "track_accel_max_fps2": 290.044307694915,
      "use_dem_centerline": 0.0,
      "yaw_max_cmd": 100.0,
      "yaw_ny_gain": 0.23025036625288484,
      "yaw_rate_damping": 0.0655463313714547
    },
    "max_turn_feasible_speed_kts": 511.0354447642958,
    "requested_target_speed_kts": 450.0,
    "target_altitude_ft": 5000.0
  },
  "steps": 1200,
  "termination_reason": "max_steps",
  "tracking_metrics": {
    "mean_abs_altitude_error_ft": 241.85456308876786,
    "mean_abs_heading_error_deg": 6.292882158209728,
    "mean_abs_lateral_error_ft": 1389.9886166368024,
    "rms_heading_error_deg": 8.222013014560082,
    "rms_lateral_error_ft": 1458.775945258875
  }
}
