{
  "base_config": {
    "dt": 0.03333333333333333,
    "lookahead_rows": 10,
    "nz_altitude_gain": 0.0034980977894353282,
    "nz_vrate_gain": 0.002,
    "nz_altitude_max_bias": 1.3763138089938012,
    "nz_max_cmd": 1000.0,
    "nz_min_cmd": -1000.0,
    "pitch_nz_gain": -0.34054249300335954,
    "pitch_q_damping": 1.8981038253607778,
    "roll_max_rad": 100.0,
    "roll_p_gain": 4.433283185003266,
    "roll_rate_damping": -0.020215299750720214,
    "target_speed_fps": 759.5145,
    "throttle_base": 0.42584375471835306,
    "throttle_max": 1.0,
    "throttle_speed_gain": 0.006791701936145756,
    "track_accel_heading_gain": -0.9644787825008925,
    "track_accel_lateral_gain": -0.09850032355946046,
    "track_accel_lateral_rate_gain": -0.01948905209200466,
    "track_accel_max_fps2": 400.0,
    "use_dem_centerline": true,
    "yaw_max_cmd": 100.0,
    "yaw_ny_gain": 0.23025036625288484,
    "yaw_rate_damping": 0.0655463313714547
  },
  "best_params": {
    "nz_altitude_gain": 0.05,
    "nz_vrate_gain": 0.2,
    "nz_altitude_max_bias": 4.0,
    "pitch_nz_gain": -0.4092898006663221,
    "pitch_q_damping": 3.063237167295984,
    "roll_p_gain": 2.784400476667384,
    "roll_rate_damping": -0.06358832467119514,
    "throttle_base": 0.1,
    "throttle_speed_gain": 0.1,
    "track_accel_heading_gain": -1.0,
    "track_accel_lateral_gain": -1.0,
    "track_accel_lateral_rate_gain": -1.0,
    "yaw_ny_gain": 0.41157277481201476,
    "yaw_rate_damping": 0.24547479123719637
  },
  "best_trial_number": 968,
  "best_value": -15.749073914786132,
  "evaluation": {
    "altitude_error_scale_ft": 200.0,
    "centerline_error_scale_ft": 250.0,
    "max_steps": 1200,
    "robustness_weight": 0.2,
    "seeds": [
      3,
      7,
      42
    ],
    "target_speed_kts": 450.0,
    "wind_sigma": 0.6
  },
  "storage": "sqlite:////Users/dmrc/git/jsbsim-gym/optuna/simple_controller_tuning.db",
  "study_name": "simple_controller_gain_tuning"
}
