{
  "description": "Shared gains for SimpleTrajectoryController used by run_scenario.py --controller simple and run_simple_circle.py",
  "source": "baseline circle-only tune with sign-corrected pitch-q and yaw feedback on 2026-04-15",
  "best_params": {
    "lookahead_rows": 5,
    "nz_altitude_gain": 0.0034980977894353282,
    "nz_altitude_max_bias": 1.3763138089938012,
    "nz_max_cmd": 1000.0,
    "nz_min_cmd": -1000.0,
    "pitch_nz_gain": -0.34054249300335954,
    "pitch_q_damping": 1.8981038253607778,
    "roll_max_rad": 100.0,
    "roll_p_gain": 4.433283185003266,
    "roll_rate_damping": -0.020215299750720214,
    "throttle_base": 0.42584375471835306,
    "throttle_max": 1.0,
    "throttle_speed_gain": 0.006791701936145756,
    "track_accel_heading_gain": -0.9644787825008925,
    "track_accel_lateral_gain": -0.09850032355946046,
    "track_accel_lateral_rate_gain": -0.01948905209200466,
    "track_accel_max_fps2": 290.044307694915,
    "yaw_max_cmd": 100.0,
    "yaw_ny_gain": 0.23025036625288484,
    "yaw_rate_damping": 0.0655463313714547
  }
}
